<?xml version="1.0" encoding="utf-8"?>
<resources>
  <declare-styleable name="MvxBinding">
    <attr name="MvxBind" format="string"/>
  </declare-styleable>
  <declare-styleable name="MvxBindableListView">
    <attr name="MvxItemTemplate" format="string"/>
    <attr name="MvxDropDownItemTemplate" format="string"/>
  </declare-styleable>
  <item type="id" name="MvxBindingTagUnique"/>
  <item type="id" name="MvxBindableListItemTagUnique"/>
  <declare-styleable name="MvxHttpImageView">
    <attr name="MvxHttpSource" format="string"/>
  </declare-styleable>
</resources>

